timestamp, utilization.gpu [%], utilization.memory [%], memory.used [MiB], power.draw [W], clocks.current.sm [MHz], clocks.current.memory [MHz]
2026/07/04 00:49:03.946, 0 %, 0 %, 11 MiB, 26.83 W, 210 MHz, 405 MHz
2026/07/04 00:49:04.048, 0 %, 0 %, 11 MiB, 26.83 W, 210 MHz, 405 MHz
2026/07/04 00:49:04.149, 0 %, 0 %, 11 MiB, 26.83 W, 210 MHz, 405 MHz
2026/07/04 00:49:04.251, 0 %, 0 %, 11 MiB, 26.83 W, 210 MHz, 405 MHz
2026/07/04 00:49:04.352, 0 %, 0 %, 11 MiB, 26.83 W, 210 MHz, 405 MHz
2026/07/04 00:49:04.453, 0 %, 0 %, 11 MiB, 26.83 W, 210 MHz, 405 MHz
2026/07/04 00:49:04.555, 0 %, 0 %, 11 MiB, 26.83 W, 210 MHz, 405 MHz
2026/07/04 00:49:04.656, 0 %, 0 %, 11 MiB, 26.83 W, 210 MHz, 405 MHz
2026/07/04 00:49:04.758, 0 %, 0 %, 11 MiB, 26.83 W, 210 MHz, 405 MHz
2026/07/04 00:49:04.859, 0 %, 0 %, 11 MiB, 26.83 W, 210 MHz, 405 MHz
2026/07/04 00:49:04.961, 0 %, 0 %, 11 MiB, 26.90 W, 210 MHz, 405 MHz
2026/07/04 00:49:05.062, 0 %, 0 %, 11 MiB, 26.90 W, 210 MHz, 405 MHz
2026/07/04 00:49:05.164, 0 %, 0 %, 11 MiB, 26.90 W, 210 MHz, 405 MHz
2026/07/04 00:49:05.266, 0 %, 0 %, 11 MiB, 26.90 W, 210 MHz, 405 MHz
2026/07/04 00:49:05.367, 0 %, 0 %, 11 MiB, 26.90 W, 210 MHz, 405 MHz
2026/07/04 00:49:05.469, 0 %, 0 %, 11 MiB, 26.90 W, 210 MHz, 405 MHz
2026/07/04 00:49:05.570, 0 %, 0 %, 11 MiB, 26.90 W, 210 MHz, 405 MHz
2026/07/04 00:49:05.672, 0 %, 0 %, 11 MiB, 26.90 W, 210 MHz, 405 MHz
2026/07/04 00:49:05.776, 0 %, 0 %, 11 MiB, 26.90 W, 210 MHz, 405 MHz
2026/07/04 00:49:05.877, 0 %, 0 %, 11 MiB, 26.90 W, 210 MHz, 405 MHz
2026/07/04 00:49:05.979, 0 %, 0 %, 11 MiB, 26.86 W, 210 MHz, 405 MHz
2026/07/04 00:49:06.081, 0 %, 0 %, 11 MiB, 26.86 W, 210 MHz, 405 MHz
2026/07/04 00:49:06.182, 0 %, 0 %, 11 MiB, 26.84 W, 210 MHz, 405 MHz
2026/07/04 00:49:06.284, 0 %, 0 %, 11 MiB, 26.85 W, 210 MHz, 405 MHz
2026/07/04 00:49:06.385, 0 %, 0 %, 11 MiB, 26.84 W, 210 MHz, 405 MHz
2026/07/04 00:49:06.487, 0 %, 0 %, 11 MiB, 26.84 W, 210 MHz, 405 MHz
2026/07/04 00:49:06.588, 0 %, 0 %, 11 MiB, 26.84 W, 210 MHz, 405 MHz
2026/07/04 00:49:06.690, 0 %, 0 %, 11 MiB, 26.84 W, 210 MHz, 405 MHz
2026/07/04 00:49:06.792, 0 %, 0 %, 11 MiB, 26.84 W, 210 MHz, 405 MHz
2026/07/04 00:49:06.893, 0 %, 0 %, 11 MiB, 26.84 W, 210 MHz, 405 MHz
2026/07/04 00:49:06.995, 0 %, 0 %, 11 MiB, 26.84 W, 210 MHz, 405 MHz
2026/07/04 00:49:07.096, 0 %, 0 %, 11 MiB, 26.81 W, 210 MHz, 405 MHz
2026/07/04 00:49:07.198, 0 %, 0 %, 11 MiB, 26.81 W, 210 MHz, 405 MHz
2026/07/04 00:49:07.300, 0 %, 0 %, 11 MiB, 26.81 W, 210 MHz, 405 MHz
2026/07/04 00:49:07.401, 0 %, 0 %, 11 MiB, 26.81 W, 210 MHz, 405 MHz
2026/07/04 00:49:07.503, 0 %, 0 %, 11 MiB, 26.81 W, 210 MHz, 405 MHz
2026/07/04 00:49:07.604, 0 %, 0 %, 11 MiB, 26.81 W, 210 MHz, 405 MHz
2026/07/04 00:49:07.706, 0 %, 0 %, 11 MiB, 26.81 W, 210 MHz, 405 MHz
2026/07/04 00:49:07.808, 0 %, 0 %, 11 MiB, 26.81 W, 210 MHz, 405 MHz
2026/07/04 00:49:07.909, 0 %, 0 %, 11 MiB, 26.81 W, 210 MHz, 405 MHz
2026/07/04 00:49:08.011, 0 %, 0 %, 11 MiB, 26.81 W, 210 MHz, 405 MHz
2026/07/04 00:49:08.112, 0 %, 0 %, 11 MiB, 26.79 W, 210 MHz, 405 MHz
2026/07/04 00:49:08.214, 0 %, 0 %, 11 MiB, 26.79 W, 210 MHz, 405 MHz
2026/07/04 00:49:08.316, 0 %, 0 %, 11 MiB, 26.79 W, 210 MHz, 405 MHz
2026/07/04 00:49:08.417, 0 %, 0 %, 11 MiB, 26.79 W, 210 MHz, 405 MHz
2026/07/04 00:49:08.519, 0 %, 0 %, 11 MiB, 26.79 W, 210 MHz, 405 MHz
2026/07/04 00:49:08.621, 0 %, 0 %, 11 MiB, 26.79 W, 210 MHz, 405 MHz
2026/07/04 00:49:08.722, 0 %, 0 %, 11 MiB, 26.79 W, 210 MHz, 405 MHz
2026/07/04 00:49:08.824, 0 %, 0 %, 11 MiB, 26.79 W, 210 MHz, 405 MHz
2026/07/04 00:49:08.925, 0 %, 0 %, 11 MiB, 26.79 W, 210 MHz, 405 MHz
2026/07/04 00:49:09.027, 0 %, 0 %, 11 MiB, 26.84 W, 210 MHz, 405 MHz
2026/07/04 00:49:09.128, 0 %, 0 %, 11 MiB, 26.84 W, 210 MHz, 405 MHz
2026/07/04 00:49:09.230, 0 %, 0 %, 11 MiB, 26.84 W, 210 MHz, 405 MHz
2026/07/04 00:49:09.332, 0 %, 0 %, 11 MiB, 26.84 W, 210 MHz, 405 MHz
2026/07/04 00:49:09.433, 0 %, 0 %, 11 MiB, 26.84 W, 210 MHz, 405 MHz
2026/07/04 00:49:09.535, 0 %, 0 %, 11 MiB, 26.84 W, 210 MHz, 405 MHz
2026/07/04 00:49:09.636, 0 %, 0 %, 11 MiB, 26.84 W, 210 MHz, 405 MHz
2026/07/04 00:49:09.738, 0 %, 0 %, 11 MiB, 26.84 W, 210 MHz, 405 MHz
2026/07/04 00:49:09.840, 0 %, 0 %, 11 MiB, 26.84 W, 210 MHz, 405 MHz
2026/07/04 00:49:09.941, 0 %, 0 %, 11 MiB, 26.84 W, 210 MHz, 405 MHz
2026/07/04 00:49:10.043, 0 %, 0 %, 11 MiB, 26.90 W, 210 MHz, 405 MHz
2026/07/04 00:49:10.144, 0 %, 0 %, 11 MiB, 26.90 W, 210 MHz, 405 MHz
2026/07/04 00:49:10.246, 0 %, 0 %, 11 MiB, 26.90 W, 210 MHz, 405 MHz
2026/07/04 00:49:10.347, 0 %, 0 %, 11 MiB, 26.90 W, 210 MHz, 405 MHz
2026/07/04 00:49:10.449, 0 %, 0 %, 11 MiB, 26.90 W, 210 MHz, 405 MHz
2026/07/04 00:49:10.550, 0 %, 0 %, 11 MiB, 26.90 W, 210 MHz, 405 MHz
2026/07/04 00:49:10.652, 0 %, 0 %, 11 MiB, 26.90 W, 210 MHz, 405 MHz
2026/07/04 00:49:10.754, 0 %, 0 %, 11 MiB, 26.90 W, 210 MHz, 405 MHz
2026/07/04 00:49:10.855, 0 %, 0 %, 11 MiB, 26.90 W, 210 MHz, 405 MHz
2026/07/04 00:49:10.957, 0 %, 0 %, 11 MiB, 26.90 W, 210 MHz, 405 MHz
2026/07/04 00:49:11.058, 0 %, 0 %, 11 MiB, 26.96 W, 210 MHz, 405 MHz
2026/07/04 00:49:11.160, 0 %, 0 %, 11 MiB, 26.96 W, 210 MHz, 405 MHz
2026/07/04 00:49:11.262, 0 %, 0 %, 11 MiB, 26.96 W, 210 MHz, 405 MHz
2026/07/04 00:49:11.363, 0 %, 0 %, 11 MiB, 26.96 W, 210 MHz, 405 MHz
2026/07/04 00:49:11.465, 0 %, 0 %, 11 MiB, 26.96 W, 210 MHz, 405 MHz
2026/07/04 00:49:11.566, 0 %, 0 %, 11 MiB, 26.96 W, 210 MHz, 405 MHz
2026/07/04 00:49:11.668, 0 %, 0 %, 11 MiB, 26.96 W, 210 MHz, 405 MHz
2026/07/04 00:49:11.770, 0 %, 0 %, 11 MiB, 26.96 W, 210 MHz, 405 MHz
2026/07/04 00:49:11.871, 0 %, 0 %, 11 MiB, 26.96 W, 210 MHz, 405 MHz
2026/07/04 00:49:11.973, 0 %, 0 %, 11 MiB, 26.96 W, 210 MHz, 405 MHz
2026/07/04 00:49:12.075, 0 %, 0 %, 11 MiB, 26.93 W, 210 MHz, 405 MHz
2026/07/04 00:49:12.176, 0 %, 0 %, 11 MiB, 26.93 W, 210 MHz, 405 MHz
2026/07/04 00:49:12.278, 0 %, 0 %, 11 MiB, 26.93 W, 210 MHz, 405 MHz
2026/07/04 00:49:12.379, 0 %, 0 %, 11 MiB, 26.93 W, 210 MHz, 405 MHz
2026/07/04 00:49:12.481, 0 %, 0 %, 11 MiB, 26.93 W, 210 MHz, 405 MHz
2026/07/04 00:49:12.582, 0 %, 0 %, 11 MiB, 26.93 W, 210 MHz, 405 MHz
2026/07/04 00:49:12.684, 0 %, 0 %, 11 MiB, 26.93 W, 210 MHz, 405 MHz
2026/07/04 00:49:12.786, 0 %, 0 %, 11 MiB, 26.93 W, 210 MHz, 405 MHz
2026/07/04 00:49:12.887, 0 %, 0 %, 11 MiB, 26.93 W, 210 MHz, 405 MHz
2026/07/04 00:49:12.989, 0 %, 0 %, 11 MiB, 26.93 W, 210 MHz, 405 MHz
2026/07/04 00:49:13.090, 0 %, 0 %, 11 MiB, 26.91 W, 210 MHz, 405 MHz
2026/07/04 00:49:13.192, 0 %, 0 %, 11 MiB, 26.91 W, 210 MHz, 405 MHz
2026/07/04 00:49:13.294, 0 %, 0 %, 11 MiB, 26.94 W, 210 MHz, 405 MHz
2026/07/04 00:49:13.395, 0 %, 0 %, 11 MiB, 26.94 W, 210 MHz, 405 MHz
2026/07/04 00:49:13.497, 0 %, 0 %, 11 MiB, 26.93 W, 210 MHz, 405 MHz
2026/07/04 00:49:13.598, 0 %, 0 %, 25 MiB, 26.94 W, 210 MHz, 405 MHz
2026/07/04 00:49:13.700, 0 %, 0 %, 25858 MiB, 26.96 W, 1800 MHz, 7600 MHz
2026/07/04 00:49:13.802, 2 %, 0 %, 48034 MiB, 29.74 W, 1800 MHz, 7600 MHz
2026/07/04 00:49:13.904, 2 %, 0 %, 48034 MiB, 32.44 W, 1800 MHz, 7600 MHz
2026/07/04 00:49:14.005, 1 %, 0 %, 48034 MiB, 34.56 W, 1800 MHz, 7600 MHz
2026/07/04 00:49:14.107, 1 %, 0 %, 48034 MiB, 36.48 W, 1800 MHz, 7600 MHz
2026/07/04 00:49:14.208, 0 %, 0 %, 48034 MiB, 48.46 W, 1800 MHz, 7600 MHz
2026/07/04 00:49:14.310, 0 %, 0 %, 48034 MiB, 50.50 W, 1800 MHz, 7600 MHz
2026/07/04 00:49:14.411, 0 %, 0 %, 48034 MiB, 58.72 W, 1800 MHz, 7600 MHz
2026/07/04 00:49:14.513, 0 %, 0 %, 48034 MiB, 61.07 W, 1800 MHz, 7600 MHz
2026/07/04 00:49:14.614, 0 %, 0 %, 48034 MiB, 69.45 W, 1800 MHz, 7600 MHz
2026/07/04 00:49:14.716, 0 %, 0 %, 48034 MiB, 73.63 W, 1800 MHz, 7600 MHz
2026/07/04 00:49:14.823, 0 %, 0 %, 48034 MiB, 73.63 W, 1800 MHz, 7600 MHz
2026/07/04 00:49:14.925, 0 %, 0 %, 48034 MiB, 73.63 W, 1800 MHz, 7600 MHz
2026/07/04 00:49:15.026, 0 %, 0 %, 48034 MiB, 73.63 W, 1800 MHz, 7600 MHz
2026/07/04 00:49:15.128, 0 %, 0 %, 48034 MiB, 73.63 W, 1800 MHz, 7600 MHz
2026/07/04 00:49:15.229, 0 %, 0 %, 48034 MiB, 73.63 W, 1800 MHz, 7600 MHz
2026/07/04 00:49:15.331, 0 %, 0 %, 48034 MiB, 73.63 W, 1800 MHz, 7600 MHz
2026/07/04 00:49:15.432, 0 %, 0 %, 48034 MiB, 73.63 W, 1800 MHz, 7600 MHz
2026/07/04 00:49:15.533, 0 %, 0 %, 48034 MiB, 73.63 W, 1800 MHz, 7600 MHz
2026/07/04 00:49:15.634, 0 %, 0 %, 48034 MiB, 73.63 W, 1800 MHz, 7600 MHz
2026/07/04 00:49:15.736, 0 %, 0 %, 48034 MiB, 73.12 W, 1800 MHz, 7600 MHz
2026/07/04 00:49:15.837, 0 %, 0 %, 48034 MiB, 73.12 W, 1800 MHz, 7600 MHz
2026/07/04 00:49:15.939, 0 %, 0 %, 48034 MiB, 73.12 W, 1800 MHz, 7600 MHz
2026/07/04 00:49:16.040, 0 %, 0 %, 48034 MiB, 73.12 W, 1800 MHz, 7600 MHz
2026/07/04 00:49:16.141, 0 %, 0 %, 48034 MiB, 73.12 W, 1800 MHz, 7600 MHz
2026/07/04 00:49:16.243, 0 %, 0 %, 48034 MiB, 73.12 W, 1800 MHz, 7600 MHz
2026/07/04 00:49:16.344, 0 %, 0 %, 48034 MiB, 73.12 W, 1800 MHz, 7600 MHz
2026/07/04 00:49:16.445, 0 %, 0 %, 48034 MiB, 73.12 W, 1800 MHz, 7600 MHz
2026/07/04 00:49:16.546, 0 %, 0 %, 48034 MiB, 73.12 W, 1800 MHz, 7600 MHz
2026/07/04 00:49:16.648, 0 %, 0 %, 48034 MiB, 73.12 W, 1800 MHz, 7600 MHz
2026/07/04 00:49:16.749, 0 %, 0 %, 48004 MiB, 73.09 W, 1800 MHz, 7600 MHz
2026/07/04 00:49:16.851, 0 %, 0 %, 48004 MiB, 74.83 W, 1800 MHz, 7600 MHz
2026/07/04 00:49:16.952, 22 %, 10 %, 48006 MiB, 76.97 W, 1800 MHz, 7600 MHz
2026/07/04 00:49:17.054, 22 %, 10 %, 48006 MiB, 77.87 W, 1800 MHz, 7600 MHz
2026/07/04 00:49:17.155, 7 %, 4 %, 48006 MiB, 77.61 W, 1800 MHz, 7600 MHz
2026/07/04 00:49:17.257, 7 %, 4 %, 48006 MiB, 77.32 W, 1800 MHz, 7600 MHz
2026/07/04 00:49:17.360, 0 %, 0 %, 48008 MiB, 77.09 W, 1800 MHz, 7600 MHz
2026/07/04 00:49:17.462, 0 %, 0 %, 48008 MiB, 76.87 W, 1800 MHz, 7600 MHz
2026/07/04 00:49:17.563, 0 %, 0 %, 48008 MiB, 76.68 W, 1800 MHz, 7600 MHz
2026/07/04 00:49:17.664, 0 %, 0 %, 48008 MiB, 76.85 W, 1800 MHz, 7600 MHz
2026/07/04 00:49:17.766, 22 %, 4 %, 48008 MiB, 77.54 W, 1800 MHz, 7600 MHz
2026/07/04 00:49:17.867, 22 %, 4 %, 48008 MiB, 82.81 W, 1800 MHz, 7600 MHz
2026/07/04 00:49:17.969, 33 %, 6 %, 48008 MiB, 82.72 W, 1800 MHz, 7600 MHz
2026/07/04 00:49:18.071, 33 %, 6 %, 48008 MiB, 82.04 W, 1800 MHz, 7600 MHz
2026/07/04 00:49:18.172, 23 %, 4 %, 48008 MiB, 81.35 W, 1800 MHz, 7600 MHz
2026/07/04 00:49:18.273, 23 %, 4 %, 48008 MiB, 81.29 W, 1800 MHz, 7600 MHz
2026/07/04 00:49:18.375, 0 %, 0 %, 48008 MiB, 81.28 W, 1800 MHz, 7600 MHz
2026/07/04 00:49:18.477, 0 %, 0 %, 48008 MiB, 81.29 W, 1800 MHz, 7600 MHz
2026/07/04 00:49:18.579, 0 %, 0 %, 48008 MiB, 81.31 W, 1800 MHz, 7600 MHz
2026/07/04 00:49:18.681, 0 %, 0 %, 48008 MiB, 84.02 W, 1800 MHz, 7600 MHz
2026/07/04 00:49:18.782, 26 %, 13 %, 48008 MiB, 86.12 W, 1800 MHz, 7600 MHz
2026/07/04 00:49:18.884, 26 %, 13 %, 48008 MiB, 84.67 W, 1800 MHz, 7600 MHz
2026/07/04 00:49:18.986, 0 %, 0 %, 48008 MiB, 83.08 W, 1800 MHz, 7600 MHz
2026/07/04 00:49:19.087, 0 %, 0 %, 48008 MiB, 81.52 W, 1800 MHz, 7600 MHz
2026/07/04 00:49:19.189, 27 %, 11 %, 48008 MiB, 83.88 W, 1800 MHz, 7600 MHz
2026/07/04 00:49:19.290, 27 %, 11 %, 48008 MiB, 84.44 W, 1800 MHz, 7600 MHz
2026/07/04 00:49:19.392, 4 %, 3 %, 48008 MiB, 84.46 W, 1800 MHz, 7600 MHz
2026/07/04 00:49:19.493, 4 %, 3 %, 48008 MiB, 84.47 W, 1800 MHz, 7600 MHz
2026/07/04 00:49:19.595, 22 %, 9 %, 48008 MiB, 88.03 W, 1800 MHz, 7600 MHz
2026/07/04 00:49:19.697, 22 %, 9 %, 48008 MiB, 89.85 W, 1800 MHz, 7600 MHz
2026/07/04 00:49:19.799, 8 %, 4 %, 48008 MiB, 87.17 W, 1800 MHz, 7600 MHz
2026/07/04 00:49:19.900, 8 %, 4 %, 48008 MiB, 84.79 W, 1800 MHz, 7600 MHz
2026/07/04 00:49:20.002, 18 %, 3 %, 48008 MiB, 86.04 W, 1800 MHz, 7600 MHz
2026/07/04 00:49:20.103, 18 %, 3 %, 48008 MiB, 87.47 W, 1800 MHz, 7600 MHz
2026/07/04 00:49:20.204, 31 %, 5 %, 48008 MiB, 88.97 W, 1800 MHz, 7600 MHz
2026/07/04 00:49:20.306, 31 %, 5 %, 48008 MiB, 86.55 W, 1800 MHz, 7600 MHz
2026/07/04 00:49:20.407, 29 %, 5 %, 48008 MiB, 86.75 W, 1800 MHz, 7600 MHz
2026/07/04 00:49:20.509, 29 %, 5 %, 48008 MiB, 86.80 W, 1800 MHz, 7600 MHz
2026/07/04 00:49:20.611, 0 %, 0 %, 48008 MiB, 86.82 W, 1800 MHz, 7600 MHz
2026/07/04 00:49:20.712, 0 %, 0 %, 48008 MiB, 81.41 W, 1800 MHz, 7600 MHz
2026/07/04 00:49:20.815, 0 %, 0 %, 48008 MiB, 83.35 W, 1800 MHz, 7600 MHz
2026/07/04 00:49:20.917, 25 %, 12 %, 48008 MiB, 86.07 W, 1800 MHz, 7600 MHz
2026/07/04 00:49:21.021, 25 %, 12 %, 48008 MiB, 85.31 W, 1800 MHz, 7600 MHz
2026/07/04 00:49:21.123, 1 %, 1 %, 48008 MiB, 83.90 W, 1800 MHz, 7600 MHz
2026/07/04 00:49:21.224, 1 %, 1 %, 48008 MiB, 82.34 W, 1800 MHz, 7600 MHz
2026/07/04 00:49:21.326, 0 %, 0 %, 48008 MiB, 80.63 W, 1800 MHz, 7600 MHz
2026/07/04 00:49:21.427, 0 %, 0 %, 48008 MiB, 81.26 W, 1800 MHz, 7600 MHz
2026/07/04 00:49:21.529, 27 %, 13 %, 48008 MiB, 84.52 W, 1800 MHz, 7600 MHz
2026/07/04 00:49:21.630, 27 %, 13 %, 48008 MiB, 84.73 W, 1800 MHz, 7600 MHz
2026/07/04 00:49:21.732, 0 %, 0 %, 48008 MiB, 84.77 W, 1800 MHz, 7600 MHz
2026/07/04 00:49:21.833, 0 %, 0 %, 48008 MiB, 84.97 W, 1800 MHz, 7600 MHz
2026/07/04 00:49:21.935, 31 %, 13 %, 48008 MiB, 88.21 W, 1800 MHz, 7600 MHz
2026/07/04 00:49:22.037, 31 %, 13 %, 48008 MiB, 85.35 W, 1800 MHz, 7600 MHz
2026/07/04 00:49:22.138, 0 %, 0 %, 48008 MiB, 84.81 W, 1800 MHz, 7600 MHz
2026/07/04 00:49:22.240, 0 %, 0 %, 48008 MiB, 86.06 W, 1800 MHz, 7600 MHz
2026/07/04 00:49:22.341, 29 %, 5 %, 48008 MiB, 87.65 W, 1800 MHz, 7600 MHz
2026/07/04 00:49:22.443, 29 %, 5 %, 48008 MiB, 89.02 W, 1800 MHz, 7600 MHz
2026/07/04 00:49:22.544, 30 %, 5 %, 48008 MiB, 88.76 W, 1800 MHz, 7600 MHz
2026/07/04 00:49:22.646, 30 %, 5 %, 48008 MiB, 87.31 W, 1800 MHz, 7600 MHz
2026/07/04 00:49:22.747, 19 %, 3 %, 47998 MiB, 87.40 W, 1800 MHz, 7600 MHz
2026/07/04 00:49:22.849, 19 %, 3 %, 47998 MiB, 87.41 W, 1800 MHz, 7600 MHz
2026/07/04 00:49:22.950, 0 %, 0 %, 47998 MiB, 87.30 W, 1800 MHz, 7600 MHz
2026/07/04 00:49:23.052, 0 %, 0 %, 47998 MiB, 82.12 W, 1800 MHz, 7600 MHz
2026/07/04 00:49:23.153, 0 %, 0 %, 47998 MiB, 81.97 W, 1800 MHz, 7600 MHz
2026/07/04 00:49:23.256, 0 %, 0 %, 47998 MiB, 81.96 W, 1800 MHz, 7600 MHz
2026/07/04 00:49:23.358, 0 %, 0 %, 47998 MiB, 80.74 W, 1800 MHz, 7600 MHz
2026/07/04 00:49:23.459, 0 %, 0 %, 47998 MiB, 79.16 W, 1800 MHz, 7600 MHz
2026/07/04 00:49:23.561, 0 %, 0 %, 47998 MiB, 77.81 W, 1800 MHz, 7600 MHz
2026/07/04 00:49:23.662, 0 %, 0 %, 47998 MiB, 76.03 W, 1800 MHz, 7600 MHz
2026/07/04 00:49:23.764, 0 %, 0 %, 46846 MiB, 74.18 W, 1800 MHz, 7600 MHz
2026/07/04 00:49:23.866, 0 %, 0 %, 43038 MiB, 74.52 W, 1800 MHz, 7600 MHz
2026/07/04 00:49:23.967, 82 %, 6 %, 39230 MiB, 75.30 W, 1920 MHz, 7600 MHz
2026/07/04 00:49:24.069, 82 %, 6 %, 35198 MiB, 77.19 W, 1920 MHz, 7600 MHz
2026/07/04 00:49:24.170, 91 %, 7 %, 31166 MiB, 79.18 W, 1920 MHz, 7600 MHz
2026/07/04 00:49:24.272, 91 %, 7 %, 27134 MiB, 81.16 W, 1920 MHz, 7600 MHz
2026/07/04 00:49:24.374, 92 %, 7 %, 23102 MiB, 83.15 W, 1920 MHz, 7600 MHz
2026/07/04 00:49:24.476, 92 %, 7 %, 19038 MiB, 85.14 W, 1920 MHz, 7600 MHz
2026/07/04 00:49:24.578, 92 %, 7 %, 15006 MiB, 87.15 W, 1920 MHz, 7600 MHz
2026/07/04 00:49:24.680, 92 %, 7 %, 10942 MiB, 89.15 W, 1920 MHz, 7600 MHz
2026/07/04 00:49:24.781, 92 %, 7 %, 6942 MiB, 91.15 W, 1920 MHz, 7600 MHz
2026/07/04 00:49:24.883, 92 %, 7 %, 2878 MiB, 93.16 W, 1920 MHz, 7600 MHz
2026/07/04 00:49:24.985, 92 %, 7 %, 286 MiB, 94.57 W, 1920 MHz, 7600 MHz
2026/07/04 00:49:25.086, 92 %, 7 %, 286 MiB, 95.30 W, 1920 MHz, 7600 MHz
2026/07/04 00:49:25.188, 16 %, 1 %, 286 MiB, 94.50 W, 1920 MHz, 7600 MHz
2026/07/04 00:49:25.289, 16 %, 1 %, 286 MiB, 93.66 W, 1920 MHz, 7600 MHz
2026/07/04 00:49:25.391, 0 %, 0 %, 286 MiB, 92.85 W, 1920 MHz, 7600 MHz
2026/07/04 00:49:25.492, 0 %, 0 %, 286 MiB, 92.02 W, 1920 MHz, 7600 MHz
2026/07/04 00:49:25.594, 0 %, 0 %, 286 MiB, 91.19 W, 1920 MHz, 7600 MHz
2026/07/04 00:49:25.697, 0 %, 0 %, 286 MiB, 90.37 W, 1920 MHz, 7600 MHz
2026/07/04 00:49:25.798, 0 %, 0 %, 286 MiB, 89.54 W, 1920 MHz, 7600 MHz
2026/07/04 00:49:25.900, 0 %, 0 %, 286 MiB, 88.71 W, 1920 MHz, 7600 MHz
2026/07/04 00:49:26.001, 0 %, 0 %, 284 MiB, 87.85 W, 1920 MHz, 7600 MHz
2026/07/04 00:49:26.103, 0 %, 0 %, 284 MiB, 87.04 W, 1920 MHz, 7600 MHz
2026/07/04 00:49:26.204, 0 %, 0 %, 284 MiB, 86.69 W, 1920 MHz, 7600 MHz
